MOCO,AGEQ80_17,SEXE,NB
8536584.0,8536584.0,8536584.0,8536584.0
21.714285714285715,40.0,1.5,7.446743334336077
7.591617733449598,24.494898862533272,0.5000000292857215,101.09927998557731
11.0,0.0,1.0,0.0
12.0,20.0,1.0,0.0
22.0,40.0,1.5,0.0
31.0,60.0,2.0,3.0
32.0,80.0,2.0,48873.0
