,Model,R2_train,R2_test,R2_full,MAE_train,MAE_test,MSE_train,MSE_test,RMSE_train,RMSE_test
0,Linear Regression,0.732603,0.739728,0.734398,2.221553,2.218191,7.896751,7.725284,2.810116,2.779440
1,Ridge,0.732603,0.739728,0.734398,2.221535,2.218173,7.896751,7.725277,2.810116,2.779438
2,Lasso,0.649106,0.657529,0.651229,2.315569,2.303777,10.362596,10.165073,3.219099,3.188271
3,Elastic Net,0.590461,0.598609,0.592517,2.495585,2.492363,12.094484,11.913902,3.477712,3.451652
4,KNN,0.927510,0.898339,0.920192,0.811771,0.968039,2.140772,3.017456,1.463138,1.737082
5,Decision Tree,0.902112,0.903396,0.902437,0.975603,0.978744,2.890810,2.867360,1.700238,1.693328
6,Random Forest,0.987103,0.907273,0.967071,0.339226,0.924228,0.380877,2.752273,0.617152,1.658998
7,SVR,0.903584,0.907273,0.904513,0.911533,0.914940,2.847346,2.752275,1.687408,1.658998
